<?xml version="1.0" encoding="UTF-8"?>
<project-private xmlns="http://www.netbeans.org/ns/project-private/1">
    <editor-bookmarks xmlns="http://www.netbeans.org/ns/editor-bookmarks/2" lastBookmarkId="0"/>
    <open-files xmlns="http://www.netbeans.org/ns/projectui-open-files/2">
        <group>
            <file>file:/D:/NetBeansProjects/Cryptography/src/cryptography/ArmstrongManager.java</file>
            <file>file:/D:/NetBeansProjects/Cryptography/src/cryptography/KeyManager.java</file>
            <file>file:/D:/NetBeansProjects/Cryptography/src/cryptography/ColorManager.java</file>
            <file>file:/D:/NetBeansProjects/Cryptography/src/cryptography/Main.java</file>
            <file>file:/D:/NetBeansProjects/Cryptography/src/cryptography/Decryptor.java</file>
            <file>file:/D:/NetBeansProjects/Cryptography/src/cryptography/Encryptor.java</file>
        </group>
    </open-files>
</project-private>
